incident_id,user_id,query
13845204,3,"I need more information about the User reported Slow Page Load issue causing client dissatisfaction, impacting user satisfaction and business operations. incident."
16621578,2,"What steps are being taken to fix the System encountered failed API calls in Server Downtime, resulting in service inconsistency. issue?"
80531110,3,"What steps are being taken to fix the System encountered failed API calls in High Response Time, resulting in revenue loss. issue?"
36761274,6,"When can I expect the Performance degradation observed in CDN Issues with 99.9% failure rate, requiring immediate attention. issue to be fixed?"
53429721,6,"Why is the System encountered unexpected outages in Caching Problems, resulting in client dissatisfaction. issue taking so long to resolve?"
50979628,9,"Has the issue with Operational downtime in Image Loading Issues traced to unauthorized access, causing revenue loss. been resolved?"
85333890,3,"Is there any progress on my User reported Broken Links issue causing client dissatisfaction, impacting user satisfaction and business operations. incident?"
36152143,10,"What steps are being taken to fix the Operational downtime in CSS Not Loading traced to service downtime, causing business disruption. issue?"
12452575,1,"I need more information about the System encountered frequent errors in JavaScript Errors, resulting in business disruption. incident."
77594219,1,"What steps are being taken to fix the User reported Third-Party Script Issues issue causing revenue loss, impacting user satisfaction and business operations. issue?"
87881247,3,"When can I expect the Performance degradation observed in Payment Gateway Error with memory leaks detected, requiring immediate attention. issue to be fixed?"
11863146,2,"When can I expect the User reported Order Processing Failure issue causing business disruption, impacting user satisfaction and business operations. issue to be fixed?"
35471677,1,"Can you escalate the User reported Cart Not Updating issue causing service inconsistency, impacting user satisfaction and business operations. issue to higher support?"
67401268,4,"Why was my Service disruption in Shipping Address Error due to network misconfiguration, leading to revenue loss. incident marked as closed?"
22151082,9,Why was my Error reported in Tax Calculation Issues: data corruption. Impact on critical operations observed. incident marked as closed?
18008839,5,"When can I expect the Performance degradation observed in Order Duplication with high CPU usage, requiring immediate attention. issue to be fixed?"
99663965,3,"I need more information about the System encountered failed API calls in Invalid Promo Code, resulting in business disruption. incident."
41368455,9,"What is the status of my incident related to User reported Discount Calculation Errors issue causing service inconsistency, impacting user satisfaction and business operations.?"
30708669,7,"I need more information about the Operational downtime in Checkout Timeout traced to unauthorized access, causing business disruption. incident."
74635814,10,"Why was my User reported Guest Checkout Not Working issue causing client dissatisfaction, impacting user satisfaction and business operations. incident marked as closed?"
99078163,8,"Can you please update me on the incident regarding User reported Login Failures issue causing client dissatisfaction, impacting user satisfaction and business operations.?"
60659085,2,"I need more information about the Performance degradation observed in Password Reset Issues with 99.9% failure rate, requiring immediate attention. incident."
58207331,10,"Can you escalate the System encountered data corruption in Two-Factor Authentication Failure, resulting in service inconsistency. issue to higher support?"
21106207,1,Can you escalate the Error reported in OAuth Token Expiry: failed API calls. Impact on service reliability observed. issue to higher support?
20248751,8,"Is there any progress on my System encountered frequent errors in Session Timeout, resulting in service inconsistency. incident?"
28940989,1,"Can you please update me on the incident regarding Service disruption in Account Creation Errors due to network misconfiguration, leading to service inconsistency.?"
5528221,8,"What steps are being taken to fix the Performance degradation observed in Social Login Failures with memory leaks detected, requiring immediate attention. issue?"
46797112,5,"Can you please update me on the incident regarding Operational downtime in Email Confirmation Error traced to unauthorized access, causing service inconsistency.?"
62685021,1,What steps are being taken to fix the Error reported in Invalid Credentials: frequent errors. Impact on end-user experience observed. issue?
14457100,5,Why was my Error reported in Account Lockouts: failed API calls. Impact on end-user experience observed. incident marked as closed?
57819478,3,"What steps are being taken to fix the Operational downtime in Missing Products traced to unauthorized access, causing service inconsistency. issue?"
29380271,7,"What is the status of my incident related to System encountered frequent errors in Search Issues, resulting in client dissatisfaction.?"
61193368,8,"Why was my Performance degradation observed in Incorrect Prices with memory leaks detected, requiring immediate attention. incident marked as closed?"
77220014,8,"Why is the Service disruption in Product Unavailable due to unauthorized access, leading to revenue loss. issue taking so long to resolve?"
70969447,3,"Is there any progress on my System encountered high latency in Outdated Stock Information, resulting in revenue loss. incident?"
73163918,4,"What steps are being taken to fix the Operational downtime in Product Description Errors traced to network misconfiguration, causing revenue loss. issue?"
67966807,5,"I need more information about the System encountered failed API calls in Product Image Missing, resulting in business disruption. incident."
26698445,9,"Can you escalate the Service disruption in Category Not Displaying due to unauthorized access, leading to revenue loss. issue to higher support?"
68522918,4,"Why is the Operational downtime in Related Products Missing traced to service downtime, causing service inconsistency. issue taking so long to resolve?"
70960186,4,"Has the issue with Performance degradation observed in Product Filtering Issues with high CPU usage, requiring immediate attention. been resolved?"
16561193,5,"Can you please update me on the incident regarding Operational downtime in Shipping Delays traced to unauthorized access, causing revenue loss.?"
70429699,10,"Can you please update me on the incident regarding Service disruption in Tracking Number Errors due to unauthorized access, leading to business disruption.?"
97514831,7,"What is the status of my incident related to Performance degradation observed in Order Not Processed with high CPU usage, requiring immediate attention.?"
47199369,2,"Can you please update me on the incident regarding User reported Warehouse Stock Errors issue causing business disruption, impacting user satisfaction and business operations.?"
74755151,7,"What is the status of my incident related to Performance degradation observed in Incorrect Order Shipment with memory leaks detected, requiring immediate attention.?"
89215239,3,"Can you please update me on the incident regarding System encountered frequent errors in Order Cancellation Failed, resulting in client dissatisfaction.?"
18306896,2,"What is the status of my incident related to System encountered failed API calls in Order Not Received, resulting in service inconsistency.?"
26885972,9,"What is the status of my incident related to Performance degradation observed in Return Not Processed with 99.9% failure rate, requiring immediate attention.?"
69428745,7,"What is the status of my incident related to User reported Exchange Delays issue causing service inconsistency, impacting user satisfaction and business operations.?"
52963993,5,"Is there any progress on my User reported Wrong Order Status issue causing revenue loss, impacting user satisfaction and business operations. incident?"
34368609,6,"Has the issue with Operational downtime in Promo Code Not Working traced to network misconfiguration, causing service inconsistency. been resolved?"
84658019,2,"Can you please update me on the incident regarding System encountered frequent errors in Discount Misapplied, resulting in revenue loss.?"
69930740,6,"Can you please update me on the incident regarding Performance degradation observed in Sale Price Incorrect with high CPU usage, requiring immediate attention.?"
64156230,7,"I need more information about the User reported Discount Expired Early issue causing service inconsistency, impacting user satisfaction and business operations. incident."
43006240,2,"Why is the Operational downtime in Promotion Not Visible traced to network misconfiguration, causing revenue loss. issue taking so long to resolve?"
36161221,10,"I need more information about the Performance degradation observed in Free Shipping Not Applied with high CPU usage, requiring immediate attention. incident."
10283500,8,"Can you please update me on the incident regarding Operational downtime in Bundle Discount Error traced to network misconfiguration, causing revenue loss.?"
34252980,2,"When can I expect the System encountered high latency in Flash Sale Issue, resulting in client dissatisfaction. issue to be fixed?"
55999365,2,Can you escalate the Error reported in Promotion Overlapping: failed API calls. Impact on service reliability observed. issue to higher support?
1940970,3,Has the issue with Error reported in Loyalty Points Not Applied: unexpected outages. Impact on critical operations observed. been resolved?
41966805,4,"Why is the Operational downtime in Live Chat Unavailable traced to unauthorized access, causing service inconsistency. issue taking so long to resolve?"
27038857,8,"Why was my Performance degradation observed in Support Ticket Delays with 99.9% failure rate, requiring immediate attention. incident marked as closed?"
40438630,9,"Is there any progress on my Service disruption in Incorrect Support Information due to network misconfiguration, leading to revenue loss. incident?"
44194505,3,"Is there any progress on my System encountered high latency in Automated Response Error, resulting in revenue loss. incident?"
84904762,7,"Why was my Performance degradation observed in Chatbot Not Responding with memory leaks detected, requiring immediate attention. incident marked as closed?"
39457716,7,"Why was my User reported Support Ticket Not Created issue causing business disruption, impacting user satisfaction and business operations. incident marked as closed?"
100205467,8,"Is there any progress on my System encountered unexpected outages in Escalation Failure, resulting in service inconsistency. incident?"
98528755,3,"When can I expect the User reported Callback Request Failed issue causing service inconsistency, impacting user satisfaction and business operations. issue to be fixed?"
2110620,4,What is the status of my incident related to Error reported in Support Chat Disconnected: data corruption. Impact on service reliability observed.?
82002417,9,"Is there any progress on my Performance degradation observed in No Support Agent Available with high CPU usage, requiring immediate attention. incident?"
42300595,3,"What steps are being taken to fix the User reported Unauthorized Access issue causing client dissatisfaction, impacting user satisfaction and business operations. issue?"
7787949,5,"Is there any progress on my Performance degradation observed in Suspicious Activity with memory leaks detected, requiring immediate attention. incident?"
13296797,3,"Can you escalate the User reported Data Breach issue causing business disruption, impacting user satisfaction and business operations. issue to higher support?"
90566922,1,When can I expect the Error reported in Phishing Attempt: high latency. Impact on end-user experience observed. issue to be fixed?
44758078,1,"Can you escalate the Performance degradation observed in Account Compromise with 99.9% failure rate, requiring immediate attention. issue to higher support?"
88109725,8,Can you please update me on the incident regarding Error reported in Malware Detection: failed API calls. Impact on end-user experience observed.?
80922684,7,I need more information about the Error reported in SQL Injection: unexpected outages. Impact on service reliability observed. incident.
9570231,5,"What is the status of my incident related to Service disruption in Cross-Site Scripting (XSS) due to resource overload, leading to revenue loss.?"
59747728,1,"When can I expect the Service disruption in Brute Force Attack due to resource overload, leading to client dissatisfaction. issue to be fixed?"
95323292,5,"I need more information about the Operational downtime in Privilege Escalation traced to network misconfiguration, causing service inconsistency. incident."
51971840,3,"Is there any progress on my User reported Connection Timeout issue causing service inconsistency, impacting user satisfaction and business operations. incident?"
89643335,8,"Why is the Operational downtime in Data Corruption traced to network misconfiguration, causing client dissatisfaction. issue taking so long to resolve?"
63307908,10,"What is the status of my incident related to Service disruption in Synchronization Issues due to network misconfiguration, leading to revenue loss.?"
19511565,2,Has the issue with Error reported in Database Migration Errors: data corruption. Impact on critical operations observed. been resolved?
82804932,4,Can you please update me on the incident regarding Error reported in Query Performance Issues: failed API calls. Impact on critical operations observed.?
79073763,4,Can you please update me on the incident regarding Error reported in Data Backup Failure: frequent errors. Impact on critical operations observed.?
81747479,10,"What is the status of my incident related to Service disruption in Data Loss due to unauthorized access, leading to business disruption.?"
91923461,1,"Is there any progress on my User reported Primary Key Violation issue causing business disruption, impacting user satisfaction and business operations. incident?"
97889708,3,"When can I expect the System encountered data corruption in Foreign Key Constraint Error, resulting in revenue loss. issue to be fixed?"
89695384,10,"I need more information about the Operational downtime in Database Locking traced to resource overload, causing revenue loss. incident."
44650247,8,What is the status of my incident related to Error reported in Third-Party Service Error: failed API calls. Impact on critical operations observed.?
33913431,5,"Can you escalate the System encountered unexpected outages in API Response Timeout, resulting in business disruption. issue to higher support?"
51825017,2,"Why was my System encountered failed API calls in Incorrect API Data, resulting in client dissatisfaction. incident marked as closed?"
49095855,1,"What is the status of my incident related to User reported Authentication Failure issue causing service inconsistency, impacting user satisfaction and business operations.?"
3738281,7,"Why is the Operational downtime in Rate Limiting traced to service downtime, causing business disruption. issue taking so long to resolve?"
66005468,2,"I need more information about the Operational downtime in Webhook Failure traced to network misconfiguration, causing revenue loss. incident."
81990193,6,"I need more information about the Performance degradation observed in API Key Expiry with 99.9% failure rate, requiring immediate attention. incident."
84256988,1,"What steps are being taken to fix the Performance degradation observed in Invalid API Request with memory leaks detected, requiring immediate attention. issue?"
31186076,4,"When can I expect the User reported Malformed Response issue causing revenue loss, impacting user satisfaction and business operations. issue to be fixed?"
11644605,10,"What steps are being taken to fix the Operational downtime in API Versioning Issues traced to network misconfiguration, causing revenue loss. issue?"
98966302,6,I need more information about the Error reported in Server Downtime: unexpected outages. Impact on service reliability observed. incident.
